{
  "errorNo":"0",
  "tabIndex":[
    {
      "all_order_gmv":"GMV",
      "pay_succ_gmv":"成功支付流水",
      "output_gmv":"出票成功流水",
      "all_order_num":"提交订单数（含失败）",
      "submit_succ_order_num":"提交成功订单数",
      "pay_succ_order_num":"成功支付订单数",
      "output_order_num":"已取票订单",
      "channel_pv":"频道页PV",
      "channel_uv":"频道页UV",
      "list_pv":"列表页PV",
      "list_uv":"列表页UV",
      "order_write_pv":"订单填写PV",
      "order_write_uv":"订单填写UV",
      "order_confirm_pv":"订单确认页PV",
      "order_confirm_uv":"订单确认页UV",
      "order_pay_pv":"订单支付页PV",
      "order_pay_uv":"订单支付页UV",
      "daily_user_num":"日付费用户数",
      "month_user_num":"月付费用户数",
      "output_ticket_num":"出票量",
      "ticket_order_rate":"票单比",
      "order_user_unit_price":"订单客单价",
      "pay_user_unit_price":"支付客单价",
      "user_unit_price":"用户单价",
      "ticket_unit_price":"出票单价",
      "endorse_order_num":"改签订单数",
      "endorse_user_num":"改签用户数",
      "endorse_money":"改签金额",
      "refund_order_num":"退票订单数",
      "refund_order_rate":"退票订单占比",
      "refund_users":"退票用户数",
      "refund_money":"退票金额"
    }
  ]
}